,colonne_qcuts,left_value,right_value
2,"(-1.0819999999999999, -0.777]",-1.0819999999999999,-0.777
1,"(-0.777, -0.169]",-0.777,-0.169
3,"(-0.169, 0.439]",-0.169,0.439
0,"(0.439, 31.764]",0.439,31.764
