,colonne_qcuts,left_value,right_value
1,"(-7.236000000000001, -0.971]",-7.236000000000001,-0.971
2,"(-0.971, -0.00812]",-0.971,-0.00812
0,"(-0.00812, 0.631]",-0.00812,0.631
3,"(0.631, 39.441]",0.631,39.441
